gene;identifier;mycobrowser_url;fasta;blast
atpE;Rv1305;https://mycobrowser.epfl.ch/genes/Rv1305;MDPTIAAGALIGGGLIMAGGAIGAGIGDGVAGNALISGVARQPEAQGRLFTPFFITVGLVEAAYFINLAFMALFVFATPVK;concluded
Rv0678;Rv0678;https://mycobrowser.epfl.ch/genes/Rv0678;VSVNDGVDQMGAEPDIMEFVEQMGGYFESRSLTRLAGRLLGWLLVCDPERQSSEELATALAASSGGISTNARMLIQFGFIERLAVAGDRRTYFRLRPNAFAAGERERIRAMAELQDLADVGLRALGDAPPQRSRRLREMRDLLAYMENVVSDALGRYSQRTGEDD;concluded
tlyA;Rv1694;https://mycobrowser.epfl.ch/genes/Rv1694;VARRARVDAELVRRGLARSRQQAAELIGAGKVRIDGLPAVKPATAVSDTTALTVVTDSERAWVSRGAHKLVGALEAFAIAVAGRRCLDAGASTGGFTEVLLDRGAAHVVAADVGYGQLAWSLRNDPRVVVLERTNARGLTPEAIGGRVDLVVADLSFISLATVLPALVGCASRDADIVPLVKPQFEVGKGQVGPGGVVHDPQLRARSVLAVARRAQELGWHSVGVKASPLPGPSGNVEYFLWLRTQTDRALSAKGLEDAVHRAISEGP;not_concluded
ddn;Rv3547;https://mycobrowser.epfl.ch/genes/Rv3547;MPKSPPRFLNSPLSDFFIKWMSRINTWMYRRNDGEGLGGTFQKIPVALLTTTGRKTGQPRVNPLYFLRDGGRVIVAASKGGAEKNPMWYLNLKANPKVQVQIKKEVLDLTARDATDEERAEYWPQLVTMYPSYQDYQSWTDRTIPIVVCEP;concluded
embB;Rv3795;https://mycobrowser.epfl.ch/genes/Rv3795;MTQCASRRKSTPNRAILGAFASARGTRWVATIAGLIGFVLSVATPLLPVVQTTAMLDWPQRGQLGSVTAPLISLTPVDFTATVPCDVVRAMPPAGGVVLGTAPKQGKDANLQALFVVVSAQRVDVTDRNVVILSVPREQVTSPQCQRIEVTSTHAGTFANFVGLKDPSGAPLRSGFPDPNLRPQIVGVFTDLTGPAPPGLAVSATIDTRFSTRPTTLKLLAIIGAIVATVVALIALWRLDQLDGRGSIAQLLLRPFRPASSPGGMRRLIPASWRTFTLTDAVVIFGFLLWHVIGANSSDDGYILGMARVADHAGYMSNYFRWFGSPEDPFGWYYNLLALMTHVSDASLWMRLPDLAAGLVCWLLLSREVLPRLGPAVEASKPAYWAAAMVLLTAWMPFNNGLRPEGIIALGSLVTYVLIERSMRYSRLTPAALAVVTAAFTLGVQPTGLIAVAALVAGGRPMLRILVRRHRLVGTLPLVSPMLAAGTVILTVVFADQTLSTVLEATRVRAKIGPSQAWYTENLRYYYLILPTVDGSLSRRFGFLITALCLFTAVFIMLRRKRIPSVARGPAWRLMGVIFGTMFFLMFTPTKWVHHFGLFAAVGAAMAALTTVLVSPSVLRWSRNRMAFLAALFFLLALCWATTNGWWYVSSYGVPFNSAMPKIDGITVSTIFFALFAIAAGYAAWLHFAPRGAGEGRLIRALTTAPVPIVAGFMAAVFVASMVAGIVRQYPTYSNGWSNVRAFVGGCGLADDVLVEPDTNAGFMKPLDGDSGSWGPLGPLGGVNPVGFTPNGVPEHTVAEAIVMKPNQPGTDYDWDAPTKLTSPGINGSTVPLPYGLDPARVPLAGTYTTGAQQQSTLVSAWYLLPKPDDGHPLVVVTAAGKIAGNSVLHGYTPGQTVVLEYAMPGPGALVPAGRMVPDDLYGEQPKAWRNLRFARAKMPADAVAVRVVAEDLSLTPEDWIAVTPPRVPDLRSLQEYVGSTQPVLLDWAVGLAFPCQQPMLHANGIAEIPKFRITPDYSAKKLDTDTWEDGTNGGLLGITDLLLRAHVMATYLSRDWARDWGSLRKFDTLVDAPPAQLELGTATRSGLWSPGKIRIGP;concluded
ethA;Rv3854c;https://mycobrowser.epfl.ch/genes/Rv3854c;MTEHLDVVIVGAGISGVSAAWHLQDRCPTKSYAILEKRESMGGTWDLFRYPGIRSDSDMYTLGFRFRPWTGRQAIADGKPILEYVKSTAAMYGIDRHIRFHHKVISADWSTAENRWTVHIQSHGTLSALTCEFLFLCSGYYNYDEGYSPRFAGSEDFVGPIIHPQHWPEDLDYDAKNIVVIGSGATAVTLVPALADSGAKHVTMLQRSPTYIVSQPDRDGIAEKLNRWLPETMAYTAVRWKNVLRQAAVYSACQKWPRRMRKMFLSLIQRQLPEGYDVRKHFGPHYNPWDQRLCLVPNGDLFRAIRHGKVEVVTDTIERFTATGIRLNSGRELPADIIITATGLNLQLFGGATATIDGQQVDITTTMAYKGMMLSGIPNMAYTVGYTNASWTLKADLVSEFVCRLLNYMDDNGFDTVVVERPGSDVEERPFMEFTPGYVLRSLDELPKQGSRTPWRLNQNYLRDIRLIRRGKIDDEGLRFAKRPAPVGV;concluded
inhA;Rv1484;https://mycobrowser.epfl.ch/genes/Rv1484;MTGLLDGKRILVSGIITDSSIAFHIARVAQEQGAQLVLTGFDRLRLIQRITDRLPAKAPLLELDVQNEEHLASLAGRVTEAIGAGNKLDGVVHSIGFMPQTGMGINPFFDAPYADVSKGIHISAYSYASMAKALLPIMNPGGSIVGMDFDPSRAMPAYNWMTVAKSALESVNRFVAREAGKYGVRSNLVAAGPIRTLAMSAIVGGALGEEAGAQIQLLEEGWDQRAPIGWNMKDATPVAKTVCALLSDWLPATTGDIIYADGGAHTQLL;concluded
katG;Rv1908c;https://mycobrowser.epfl.ch/genes/Rv1908c;VPEQHPPITETTTGAASNGCPVVGHMKYPVEGGGNQDWWPNRLNLKVLHQNPAVADPMGAAFDYAAEVATIDVDALTRDIEEVMTTSQPWWPADYGHYGPLFIRMAWHAAGTYRIHDGRGGAGGGMQRFAPLNSWPDNASLDKARRLLWPVKKKYGKKLSWADLIVFAGNCALESMGFKTFGFGFGRVDQWEPDEVYWGKEATWLGDERYSGKRDLENPLAAVQMGLIYVNPEGPNGNPDPMAAAVDIRETFRRMAMNDVETAALIVGGHTFGKTHGAGPADLVGPEPEAAPLEQMGLGWKSSYGTGTGKDAITSGIEVVWTNTPTKWDNSFLEILYGYEWELTKSPAGAWQYTAKDGAGAGTIPDPFGGPGRSPTMLATDLSLRVDPIYERITRRWLEHPEELADEFAKAWYKLIHRDMGPVARYLGPLVPKQTLLWQDPVPAVSHDLVGEAEIASLKSQIRASGLTVSQLVSTAWAAASSFRGSDKRGGANGGRIRLQPQVGWEVNDPDGDLRKVIRTLEEIQESFNSAAPGNIKVSFADLVVLGGCAAIEKAAKAAGHNITVPFTPGRTDASQEQTDVESFAVLEPKADGFRNYLGKGNPLPAEYMLLDKANLLTLSAPEMTVLVGGLRVLGANYKRLPLGVFTEASESLTNDFFVNLLDMGITWEPSPADDGTYQGKDGSGKVKWTGSRVDLVFGSNSELRALVEVYGADDAQPKFVQDFVAAWDKVMNLDRFDVR;concluded
gyrA;Rv0006;https://mycobrowser.epfl.ch/genes/Rv0006;MTDTTLPPDDSLDRIEPVDIEQEMQRSYIDYAMSVIVGRALPEVRDGLKPVHRRVLYAMFDSGFRPDRSHAKSARSVAETMGNYHPHGDASIYDSLVRMAQPWSLRYPLVDGQGNFGSPGNDPPAAMRYTEARLTPLAMEMLREIDEETVDFIPNYDGRVQEPTVLPSRFPNLLANGSGGIAVGMATNIPPHNLRELADAVFWALENHDADEEETLAAVMGRVKGPDFPTAGLIVGSQGTADAYKTGRGSIRMRGVVEVEEDSRGRTSLVITELPYQVNHDNFITSIAEQVRDGKLAGISNIEDQSSDRVGLRIVIEIKRDAVAKVVINNLYKHTQLQTSFGANMLAIVDGVPRTLRLDQLIRYYVDHQLDVIVRRTTYRLRKANERAHILRGLVKALDALDEVIALIRASETVDIARAGLIELLDIDEIQAQAILDMQLRRLAALERQRIIDDLAKIEAEIADLEDILAKPERQRGIVRDELAEIVDRHGDDRRTRIIAADGDVSDEDLIAREDVVVTITETGYAKRTKTDLYRSQKRGGKGVQGAGLKQDDIVAHFFVCSTHDLILFFTTQGRVYRAKAYDLPEASRTARGQHVANLLAFQPEERIAQVIQIRGYTDAPYLVLATRNGLVKKSKLTDFDSNRSGGIVAVNLRDNDELVGAVLCSAGDDLLLVSANGQSIRFSATDEALRPMGRATSGVQGMRFNIDDRLLSLNVVREGTYLLVATSGGYAKRTAIEEYPVQGRGGKGVLTVMYDRRRGRLVGALIVDDDSELYAVTSGGGVIRTAARQVRKAGRQTKGVRLMNLGEGDTLLAIARNAEESGDDNAVDANGADQTGN;concluded
gyrB;Rv0005;https://mycobrowser.epfl.ch/genes/Rv0005;VAAQKKKAQDEYGAASITILEGLEAVRKRPGMYIGSTGERGLHHLIWEVVDNAVDEAMAGYATTVNVVLLEDGGVEVADDGRGIPVATHASGIPTVDVVMTQLHAGGKFDSDAYAISGGLHGVGVSVVNALSTRLEVEIKRDGYEWSQVYEKSEPLGLKQGAPTKKTGSTVRFWADPAVFETTEYDFETVARRLQEMAFLNKGLTINLTDERVTQDEVVDEVVSDVAEAPKSASERAAESTAPHKVKSRTFHYPGGLVDFVKHINRTKNAIHSSIVDFSGKGTGHEVEIAMQWNAGYSESVHTFANTINTHEGGTHEEGFRSALTSVVNKYAKDRKLLKDKDPNLTGDDIREGLAAVISVKVSEPQFEGQTKTKLGNTEVKSFVQKVCNEQLTHWFEANPTDAKVVVNKAVSSAQARIAARKARELVRRKSATDIGGLPGKLADCRSTDPRKSELYVVEGDSAGGSAKSGRDSMFQAILPLRGKIINVEKARIDRVLKNTEVQAIITALGTGIHDEFDIGKLRYHKIVLMADADVDGQHISTLLLTLLFRFMRPLIENGHVFLAQPPLYKLKWQRSDPEFAYSDRERDGLLEAGLKAGKKINKEDGIQRYKGLGEMDAKELWETTMDPSVRVLRQVTLDDAAAADELFSILMGEDVDARRSFITRNAKDVRFLDV;concluded
rplC;Rv0701;https://mycobrowser.epfl.ch/genes/Rv0701;MARKGILGTKLGMTQVFDESNRVVPVTVVKAGPNVVTRIRTPERDGYSAVQLAYGEISPRKVNKPLTGQYTAAGVNPRRYLAELRLDDSDAATEYQVGQELTAEIFADGSYVDVTGTSKGKGFAGTMKRHGFRGQGASHGAQAVHRRPGSIGGCATPARVFKGTRMAGRMGNDRVTVLNLLVHKVDAENGVLLIKGAVPGRTGGLVMVRSAIKRGEK;concluded
pncA;Rv2043c;https://mycobrowser.epfl.ch/genes/Rv2043c;MRALIIVDVQNDFCEGGSLAVTGGAALARAISDYLAEAADYHHVVATKDFHIDPGDHFSGTPDYSSSWPPHCVSGTPGADFHPSLDTSAIEAVFYKGAYTGAYSGFEGVDENGTPLLNWLRQRGVDEVDVVGIATDHCVRQTAEDAVRNGLATRVLVDLTAGVSADTTVAALEEMRTASVELVCSS;concluded
rpoB;Rv0667;https://mycobrowser.epfl.ch/genes/Rv0667;LADSRQSKTAASPSPSRPQSSSNNSVPGAPNRVSFAKLREPLEVPGLLDVQTDSFEWLIGSPRWRESAAERGDVNPVGGLEEVLYELSPIEDFSGSMSLSFSDPRFDDVKAPVDECKDKDMTYAAPLFVTAEFINNNTGEIKSQTVFMGDFPMMTEKGTFIINGTERVVVSQLVRSPGVYFDETIDKSTDKTLHSVKVIPSRGAWLEFDVDKRDTVGVRIDRKRRQPVTVLLKALGWTSEQIVERFGFSEIMRSTLEKDNTVGTDEALLDIYRKLRPGEPPTKESAQTLLENLFFKEKRYDLARVGRYKVNKKLGLHVGEPITSSTLTEEDVVATIEYLVRLHEGQTTMTVPGGVEVPVETDDIDHFGNRRLRTVGELIQNQIRVGMSRMERVVRERMTTQDVEAITPQTLINIRPVVAAIKEFFGTSQLSQFMDQNNPLSGLTHKRRLSALGPGGLSRERAGLEVRDVHPSHYGRMCPIETPEGPNIGLIGSLSVYARVNPFGFIETPYRKVVDGVVSDEIVYLTADEEDRHVVAQANSPIDADGRFVEPRVLVRRKAGEVEYVPSSEVDYMDVSPRQMVSVATAMIPFLEHDDANRALMGANMQRQAVPLVRSEAPLVGTGMELRAAIDAGDVVVAEESGVIEEVSADYITVMHDNGTRRTYRMRKFARSNHGTCANQCPIVDAGDRVEAGQVIADGPCTDDGEMALGKNLLVAIMPWEGHNYEDAIILSNRLVEEDVLTSIHIEEHEIDARDTKLGAEEITRDIPNISDEVLADLDERGIVRIGAEVRDGDILVGKVTPKGETELTPEERLLRAIFGEKAREVRDTSLKVPHGESGKVIGIRVFSREDEDELPAGVNELVRVYVAQKRKISDGDKLAGRHGNKGVIGKILPVEDMPFLADGTPVDIILNTHGVPRRMNIGQILETHLGWCAHSGWKVDAAKGVPDWAARLPDELLEAQPNAIVSTPVFDGAQEAELQGLLSCTLPNRDGDVLVDADGKAMLFDGRSGEPFPYPVTVGYMYIMKLHHLVDDKIHARSTGPYSMITQQPLGGKAQFGGQRFGEMECWAMQAYGAAYTLQELLTIKSDDTVGRVKVYEAIVKGENIPEPGIPESFKVLLKELQSLCLNVEVLSSDGAAIELREGEDEDLERAAANLGINLSRNESASVEDLA;concluded
gid;Rv3919c;https://mycobrowser.epfl.ch/genes/Rv3919c;MSPIEPAASAIFGPRLGLARRYAEALAGPGVERGLVGPREVGRLWDRHLLNCAVIGELLERGDRVVDIGSGAGLPGVPLAIARPDLQVVLLEPLLRRTEFLREMVTDLGVAVEIVRGRAEESWVQDQLGGSDAAVSRAVAALDKLTKWSMPLIRPNGRMLAIKGERAHDEVREHRRVMIASGAVDVRVVTCGANYLRPPATVVFARRGKQIARGSARMASGGTA;concluded
rpsL;Rv0682;https://mycobrowser.epfl.ch/genes/Rv0682;MPTIQQLVRKGRRDKISKVKTAALKGSPQRRGVCTRVYTTTPKKPNSALRKVARVKLTSQVEVTAYIPGEGHNLQEHSMVLVRGGRVKDLPGVRYKIIRGSLDTQGVKNRKQARSRYGAKKEKG;not_concluded
