gene;identifier;mycobrowser_url;fasta
bacA;Rv1819c;https://mycobrowser.epfl.ch/genes/Rv1819c;LGPKLFKPSIDWSRAFPDSVYWVGKAWTISAICVLAILVLLRYLTPWGRQFWRITRAYFVGPNSVRVWLMLGVLLLSVVLAVRLNVLFSYQGNDMYTALQKAFEGIASGDGTVKRSGVRGFWMSIGVFSVMAVLHVTRVMADIYLTQRFIIAWRVWLTHHLTQDWLDGRAYYRDLFIDETIDNPDQRIQQDVDIFTAGAGGTPNAPSNGTASTLLFGAVQSIISVISFTAILWNLSGTLNIFGVSIPRAMFWTVLVYVFVATVISFIIGRPLIWLSFRNEKLNAAFRYALVRLRDAAEAVGFYRGERVEGTQLQRRFTPVIDNYRRYVRRSIAFNGWNLSVSQTIVPLPWVIQAPRLFAGQIDFGDVGQTATSFGNIHDSLSFFRNNYDAFASFRAAIIRLHGLVDANEKGRALPAVLTRPSDDESVELNDIEVRTPAGDRLIDPLDVRLDRGGSLVITGRSGAGKTTLLRSLAELWPYASGTLHRPGGENETMFLSQLPYVPLGTLRDVVCYPNSAAAIPDATLRDTLTKVALAPLCDRLDEERDWAKVLSPGEQQRVAFARILLTKPKAVFLDESTSALDTGLEFALYQLLRSELPDCIVISVSHRPALERLHENQLELLGGGQWRLAPVEAAPAEV
ccsA;Rv0529;https://mycobrowser.epfl.ch/genes/Rv0529;LNTLHVNVGLARYSDWAFTSAVVALVVALLLLAFEFAQVRGRGLAPLAVPAGSVATDSATPGIVADQRHRPFDERVGRGGLAVAYLGIGLLLACVVLRGLATQRVPWGNMYEFINLTCLSGLIAGAVVLRRARYRPLWVFLLVPVLILLTVSGRWLYANAAPVMPALQSYWLPIHVSVVSLGSGVFLVAGVASILFLVRTSRLGEPTGEGALAGMVRRLPDAQTLDGIAYRTTIFAFPVFGFGVIFGAIWAEEAWGRYWGWDPKETVSFVAWVVYAAYLHARSTAGWRDRKAAWINVAGFVAMVFNLFFVNLVTVGLHSYAGVG
eis;Rv2416c;https://mycobrowser.epfl.ch/genes/Rv2416c;VTVTLCSPTEDDWPGMFLLAAASFTDFIGPESATAWRTLVPTDGAVVVRDGAGPGSEVVGMALYMDLRLTVPGEVVLPTAGLSFVAVAPTHRRRGLLRAMCAELHRRIADSGYPVAALHASEGGIYGRFGYGPATTLHELTVDRRFARFHADAPGGGLGGSSVRLVRPTEHRGEFEAIYERWRQQVPGGLLRPQVLWDELLAECKAAPGGDRESFALLHPDGYALYRVDRTDLKLARVSELRAVTADAHCALWRALIGLDSMERISIITHPQDPLPHLLTDTRLARTTWRQDGLWLRIMNVPAALEARGYAHEVGEFSTVLEVSDGGRFALKIGDGRARCTPTDAAAEIEMDRDVLGSLYLGAHRASTLAAANRLRTKDSQLLRRLDAAFASDVPVQTAFEF
Rv2477c;Rv2477c;https://mycobrowser.epfl.ch/genes/Rv2477c;MAEFIYTMKKVRKAHGDKVILDDVTLSFYPGAKIGVVGPNGAGKSSVLRIMAGLDKPNNGDAFLATGATVGILQQEPPLNEDKTVRGNVEEGMGDIKIKLDRFNEVAELMATDYTDELMEEMGRLQEELDHADAWDLDAQLEQAMDALRCPPADEPVTNLSGGERRRVALCKLLLSKPDLLLLDEPTNHLDAESVQWLEQHLASYPGAILAVTHDRYFLDNVAEWILELDRGRAYPYEGNYSTYLEKKAERLAVQGRKDAKLQKRLTEELAWVRSGAKARQAKSKARLQRYEEMAAEAEKTRKLDFEEIQIPVGPRLGNVVVEVDHLDKGYDGRALIKDLSFSLPRNGIVGVIGPNGVGKTTLFKTIVGLETPDSGSVKVGETVKLSYVDQARAGIDPRKTVWEVVSDGLDYIQVGQTEVPSRAYVSAFGFKGPDQQKPAGVLSGGERNRLNLALTLKQGGNLILLDEPTNDLDVETLGSLENALLNFPGCAVVISHDRWFLDRTCTHILAWEGDDDNEAKWFWFEGNFGAYEENKVERLGVDAARPHRVTHRKLTRG
whiB6;Rv3862c;https://mycobrowser.epfl.ch/genes/Rv3862c;MRYAFAAEATTCNAFWRNVDMTVTALYEVPLGVCTQDPDRWTTTPDDEAKTLCRACPRRWLCARDAVESAGAEGLWAGVVIPESGRARAFALGQLRSLAERNGYPVRDHRVSAQSA
whiB7;Rv3197A;https://mycobrowser.epfl.ch/genes/Rv3197A;VSVLTVPRQTPRQRLPVLPCHVGDPDLWFADTPAGLEVAKTLCVSCPIRRQCLAAALQRAEPWGVWGGEIFDQGSIVSHKRPRGRPRKDAVA
atpE;Rv1305;https://mycobrowser.epfl.ch/genes/Rv1305;MDPTIAAGALIGGGLIMAGGAIGAGIGDGVAGNALISGVARQPEAQGRLFTPFFITVGLVEAAYFINLAFMALFVFATPVK
lpqB;Rv3244c;https://mycobrowser.epfl.ch/genes/Rv3244c;MRLTILLFLGAVLAGCASVPSTSAPQAIGTVERPVPSNLPKPSPGMDPDVLLREFLKATADPANRHLAARQFLTESASNAWDDAGSALLIDHVVFVETRSAEKVSVTMRADILGSLSDVGVFETAEGQLPDPGPIELVKTSDGWRIDRLPNGVFLDWQQFQETYKRNTLYFADPTGKTVVPDPRYVAVSDRDQLATELVSKLLAGPRPEMARTVRNLLAPPLRLRGPVTRADGGKSGIGRGYGGARVDMEKLSTTDPHSRQLLAAQIIWTLARADIRGPYVINADGAPLEDRFAEGWTTSDVAATDPGVADGAAAGLHALVNGSLVAMDAQRVTPVPGAFGRMPEQTAAAVSRSGRQVASVVTLGRGAPDEAASLWVGDLGGEAVQSADGHSLSRPSWSLDDAVWVVVDTNVVLRAIQDPASGQPARIPVDSTAVASRFPGAINDLQLSRDGTRAAMVIGGQVILAGVEQTQAGQFALTYPRRLGFGLGSSVVSLSWRTGDDIVVTRTDAAHPVSYVNLDGVNSDAPSRGLQTPLTAIAANPSTVYVAGPQGVLMYSASVESRPGWADVPGLMVPGAAPVLPG
mmpL5;Rv0676c;https://mycobrowser.epfl.ch/genes/Rv0676c;MIVQRTAAPTGSVPPDRHAARPFIPRMIRTFAVPIILGWLVTIAVLNVTVPQLETVGQIQAVSMSPDAAPSMISMKHIGKVFEEGDSDSAAMIVLEGQRPLGDAAHAFYDQMIGRLQADTTHVQSLQDFWGDPLTATGAQSSDGKAAYVQVKLAGNQGESLANESVEAVKTIVERLAPPPGVKVYVTGSAALVADQQQAGDRSLQVIEAVTFTVIIVMLLLVYRSIITSAIMLTMVVLGLLATRGGVAFLGFHRIIGLSTFATNLLVVLAIAAATDYAIFLIGRYQEARGLGQDRESAYYTMFGGTAHVVLGSGLTIAGATFCLSFTRLPYFQTLGVPLAIGMVIVVAAALTLGPAIIAVTSRFGKLLEPKRMARVRGWRKVGAAIVRWPGPILVGAVALALVGLLTLPGYRTNYNDRNYLPADLPANEGYAAAERHFSQARMNPEVLMVESDHDMRNSADFLVINKIAKAIFAVEGISRVQAITRPDGKPIEHTSIPFLISMQGTSQKLTEKYNQDLTARMLEQVNDIQSNIDQMERMHSLTQQMADVTHEMVIQMTGMVVDVEELRNHIADFDDFFRPIRSYFYWEKHCYDIPVCWSLRSVFDTLDGIDVMTEDINNLLPLMQRLDTLMPQLTAMMPEMIQTMKSMKAQMLSMHSTQEGLQDQMAAMQEDSAAMGEAFDASRNDDSFYLPPEVFDNPDFQRGLEQFLSPDGHAVRFIISHEGDPMSQAGIARIAKIKTAAKEAIKGTPLEGSAIYLGGTAAMFKDLSDGNTYDLMIAGISALCLIFIIMLITTRSVVAAAVIVGTVVLSLGASFGLSVLIWQHILGIELHWLVLAMAVIILLAVGADYNLLLVARLKEEIHAGINTGIIRAMGGSGSVVTAAGLVFAFTMMSFAVSELTVMAQVGTTIGMGLLFDTLIVRSFMTPSIAALLGKWFWWPQVVRQRPIPQPWPSPASARTFALV
mmpS5;Rv0677c;https://mycobrowser.epfl.ch/genes/Rv0677c;MIGTLKRAWIPLLILVVVAIAGFTVQRIRTFFGSEGILVTPKVFADDPEPFDPKVVEYEVSGSGSYVNINYLDLDAKPQRIDGAALPWSLTLKTTAPSAAPNILAQGDGTSITCRITVDGEVKDERTATGVDALTYCFVKSA
mtrA;Rv3246c;https://mycobrowser.epfl.ch/genes/Rv3246c;MDTMRQRILVVDDDASLAEMLTIVLRGEGFDTAVIGDGTQALTAVRELRPDLVLLDLMLPGMNGIDVCRVLRADSGVPIVMLTAKTDTVDVVLGLESGADDYIMKPFKPKELVARVRARLRRNDDEPAEMLSIADVEIDVPAHKVTRNGEQISLTPLEFDLLVALARKPRQVFTRDVLLEQVWGYRHPADTRLVNVHVQRLRAKVEKDPENPTVVLTVRGVGYKAGPP
mtrB;Rv3245c;https://mycobrowser.epfl.ch/genes/Rv3245c;MIFGSRRRIRGRRGRSGPMTRGLSALSRAVAVAWRRSLQLRVVALTLGLSLAVILALGFVLTSQVTNRVLDIKVRAAIDQIERARTTVSGIVNGEETRSLDSSLQLARNTLTSKTDPASGAGLAGAFDAVLMVPGDGPRAASTAGPVDQVPNALRGFVKAGQAAYQYATVQTEGFSGPALIIGTPTLSRVANLELYLIFPLASEQATITLVRGTMATGGLVLLVLLAGIALLVSRQVVVPVRSASRIAERFAEGHLSERMPVRGEDDMARLAVSFNDMAESLSRQIAQLEEFGNLQRRFTSDVSHELRTPLTTVRMAADLIYDHSADLDPTLRRSTELMVSELDRFETLLNDLLEISRHDAGVAELSVEAVDLRTTVNNALGNVGHLAEEAGIELLVDLPAEQVIAEVDARRVERILRNLIANAIDHAEHKPVRIRMAADEDTVAVTVRDYGVGLRPGEEKLVFSRFWRSDPSRVRRSGGTGLGLAISVEDARLHQGRLEAWGEPGEGACFRLTLPMVRGHKVTTSPLPMKPIPQPVLQPVAQPNPQPMPPEYKERQRPREHAEWSG
pepQ;Rv2535c;https://mycobrowser.epfl.ch/genes/Rv2535c;VTHSQRRDKLKAQIAASGLDAMLISDLINVRYLSGFSGSNGALLVFADERDAVLATDGRYRTQAASQAPDLEVAIERAVGRYLAGRAGEAGVGKLGFESHVVTVDGLDALAGALEGKNTELVRASGTVESLREVKDAGELALLRLACEAADAALTDLVARGGLRPGRTERQVSRELEALMLDHGADAVSFETIVAAGANSAIPHHRPTDAVLQVGDFVKIDFGALVAGYHSDMTRTFVLGKAADWQLEIYQLVAEAQQAGRQALLPGAELRGVDAAARQLIADAGYGEHFGHGLGHGVGLQIHEAPGIGVTSAGTLLAGSVVTVEPGVYLPGRGGVRIEDTLVVAGGTPKMPETAGQTPELLTRFPKELAIL
Rv0678;Rv0678;https://mycobrowser.epfl.ch/genes/Rv0678;VSVNDGVDQMGAEPDIMEFVEQMGGYFESRSLTRLAGRLLGWLLVCDPERQSSEELATALAASSGGISTNARMLIQFGFIERLAVAGDRRTYFRLRPNAFAAGERERIRAMAELQDLADVGLRALGDAPPQRSRRLREMRDLLAYMENVVSDALGRYSQRTGEDD
Rv1979c;Rv1979c;https://mycobrowser.epfl.ch/genes/Rv1979c;VVGPRTRGYAIHKLGFCSVVMLGINSIIGAGIFLTPGEVIGLAGPFAPMAYVLAGIFAGVVAIVFATAARYVRTNGASYAYTTAAFGRRIGIYVGVTHAITASIAWGVLASFFVSTLLRVAFPDKAWADAEQLFSVKTLTFLGFIGVLLAINLFGNRAIKWANGTSTVGKAFALSAFIVGGLWIITTQHVNNYATAWSAYSATPYSLLGVAEIGKGTFSSMALATIVALYAFTGFESIANAAEEMDAPDRNLPRAIPIAIFSVGAIYLLTLTVAMLLGSNKIAASDDTVKLAAAIGNATFRTIIVVGALISMFGINVAASFGAPRLWTALADSGVLPTRLSRKNQYDVPMVSFAITASLALAFPLALRFDNLHLTGLAVIARFVQFIIVPIALIALARSQAVEHAAVRRNAFTDKVLPLVAIVVSVGLAVSYDYRCIFLVRGGPNYFSIALIVITFIVVPAMAYLHYYRIIRRVGDRPSTR
Rv2680;Rv2680;https://mycobrowser.epfl.ch/genes/Rv2680;LTSAGDDAERSDEEERRLTSAEPALFREAVAAMNAVTVRPEIELGPIRPPQRLAPYSYALGAEIKHPELDVIPERSEGDAFGRLIMLYDPDGSDAWDGTIRLVAYVQADLDSSEAVDPLLPEVAWSWLVDALTARTDQVRALGGTVTATTSVRYGDISGPPRAHQLELRASWTATTPDLGAHVQAFCDVLEHAAGLPPAGVTDLGSRSRA
Rv2681;Rv2681;https://mycobrowser.epfl.ch/genes/Rv2681;MCPEPSHAGAAESEGTESEPTPLLRPAGGIPDLCVTVGEIAAAAELLDRGRGPFAVDAERASGFRYSGRAYLIQIRRAEAGTVLIDPVSHGGDPLTVLAPVAEVLSTNEWILHSADQDLPCLAEVGMRPPALYDTELAGRLAGFDRVNLAAMVERLLGLGLTKGHGAADWSKRPLPSAWLNYAALDVELLIELRAAISRVLAEQGKTDWAAQEFEHLRSFESRPPPAAARQDRWRRTSGIHKVHDRRGLAAVRELWTARDRIAQRRDIAPRRILPDSAIIDAAIADPKSVDDLVALPVFGGRNQRRSAAVWWAALAAARESPDPPEIAEPANGPPPPGRWVRRKPAAAARLDAARAALTEVSQRVRVPTENLVSPDLVRRLCWEWEDISQSSPDPIAAVEAYLRTGQARAWQLELVVPILTAALTGAPDAGAQGDDGS
tlyA;Rv1694;https://mycobrowser.epfl.ch/genes/Rv1694;VARRARVDAELVRRGLARSRQQAAELIGAGKVRIDGLPAVKPATAVSDTTALTVVTDSERAWVSRGAHKLVGALEAFAIAVAGRRCLDAGASTGGFTEVLLDRGAAHVVAADVGYGQLAWSLRNDPRVVVLERTNARGLTPEAIGGRVDLVVADLSFISLATVLPALVGCASRDADIVPLVKPQFEVGKGQVGPGGVVHDPQLRARSVLAVARRAQELGWHSVGVKASPLPGPSGNVEYFLWLRTQTDRALSAKGLEDAVHRAISEGP
fbiA;Rv3261;https://mycobrowser.epfl.ch/genes/Rv3261;VKVTVLAGGVGGARFLLGVQQLLGLGQFAANSAHSDADHQLSAVVNVGDDAWIHGLRVCPDLDTCMYTLGGGVDPQRGWGQRDETWHAMQELVRYGVQPDWFELGDRDLATHLVRTQMLQAGYPLSQITEALCDRWQPGARLLPATDDRCETHVVITDPVDESRKAIHFQEWWVRYRAQVPTHSFAFVGAEKSSAATEAIAALADADIIMLAPSNPVVSIGAILAVPGIRAALREATAPIVGYSPIIGEKPLRGMADTCLSVIGVDSTAAAVGRHYGARCATGILDCWLVHDGDHAEIDGVTVRSVPLLMTDPNATAEMVRAGCDLAGVVA
fbiB;Rv3262;https://mycobrowser.epfl.ch/genes/Rv3262;LTGPEHGSASTIEILPVIGLPEFRPGDDLSAAVAAAAPWLRDGDVVVVTSKVVSKCEGRLVPAPEDPEQRDRLRRKLIEDEAVRVLARKDRTLITENRLGLVQAAAGVDGSNVGRSELALLPVDPDASAATLRAGLRERLGVTVAVVITDTMGRAWRNGQTDAAVGAAGLAVLRNYAGVRDPYGNELVVTEVAVADEIAAAADLVKGKLTATPVAVVRGFGVSDDGSTARQLLRPGANDLFWLGTAEALELGRQQAQLLRRSVRRFSTDPVPGDLVEAAVAEALTAPAPHHTRPTRFVWLQTPAIRARLLDRMKDKWRSDLTSDGLPADAIERRVARGQILYDAPEVVIPMLVPDGAHSYPDAARTDAEHTMFTVAVGAAVQALLVALAVRGLGSCWIGSTIFAADLVRDELDLPVDWEPLGAIAIGYADEPSGLRDPVPAADLLILK
fbiC;Rv1173;https://mycobrowser.epfl.ch/genes/Rv1173;VPQPVGRKSTALPSPVVPPQANASALRRVLRRARDGVTLNVDEAAIAMTARGDELADLCASAARVRDAGLVSAGRHGPSGRLAISYSRKVFIPVTRLCRDNCHYCTFVTVPGKLRAQGSSTYMEPDEILDVARRGAEFGCKEALFTLGDRPEARWRQAREWLGERGYDSTLSYVRAMAIRVLEQTGLLPHLNPGVMSWSEMSRLKPVAPSMGMMLETTSRRLFETKGLAHYGSPDKDPAVRLRVLTDAGRLSIPFTTGLLVGIGETLSERADTLHAIRKSHKEFGHIQEVIVQNFRAKEHTAMAAFPDAGIEDYLATVAVARLVLGPGMRIQAPPNLVSGDECRALVGAGVDDWGGVSPLTPDHVNPERPWPALDELAAVTAEAGYDMVQRLTAQPKYVQAGAAWIDPRVRGHVVALADPATGLARDVNPVGMPWQEPDDVASWGRVDLGAAIDTQGRNTAVRSDLASAFGDWESIREQVHELAVRAPERIDTDVLAALRSAERAPAGCTDGEYLALATADGPALEAVAALADSLRRDVVGDEVTFVVNRNINFTNICYTGCRFCAFAQRKGDADAYSLSVGEVADRAWEAHVAGATEVCMQGGIDPELPVTGYADLVRAVKARVPSMHVHAFSPMEIANGVTKSGLSIREWLIGLREAGLDTIPGTAAEILDDEVRWVLTKGKLPTSLWIEIVTTAHEVGLRSSSTMMYGHVDSPRHWVAHLNVLRDIQDRTGGFTEFVPLPFVHQNSPLYLAGAARPGPSHRDNRAVHALARIMLHGRISHIQTSWVKLGVRRTQVMLEGGANDLGGTLMEETISRMAGSEHGSAKTVAELVAIAEGIGRPARQRTTTYALLAA
fgd1;Rv0407;https://mycobrowser.epfl.ch/genes/Rv0407;VAELKLGYKASAEQFAPRELVELAVAAEAHGMDSATVSDHFQPWRHQGGHAPFSLSWMTAVGERTNRLLLGTSVLTPTFRYNPAVIAQAFATMGCLYPNRVFLGVGTGEALNEIATGYEGAWPEFKERFARLRESVGLMRQLWSGDRVDFDGDYYRLKGASIYDVPDGGVPVYIAAGGPAVAKYAGRAGDGFICTSGKGEELYTEKLMPAVREGAAAADRSVDGIDKMIEIKISYDPDPELALNNTRFWAPLSLTAEQKHSIDDPIEMEKAADALPIEQIAKRWIVASDPDEAVEKVGQYVTWGLNHLVFHAPGHDQRRFLELFQSDLAPRLRRLG
Rv2983;Rv2983;https://mycobrowser.epfl.ch/genes/Rv2983;MSGTPDDGDIGLIIAVKRLAAAKTRLAPVFSAQTRENVVLAMLVDTLTAAAGVGSLRSITVITPDEAAAAAAAGLGADVLADPTPEDDPDPLNTAITAAERVVAEGASNIVVLQGDLPALQTQELAEAISAARHHRRSFVADRLGTGTAVLCAFGTALHPRFGPDSSARHRRSGAVELTGAWPGLRCDVDTPADLTAARQLGVGPATARAVAHR
ddn;Rv3547;https://mycobrowser.epfl.ch/genes/Rv3547;MPKSPPRFLNSPLSDFFIKWMSRINTWMYRRNDGEGLGGTFQKIPVALLTTTGRKTGQPRVNPLYFLRDGGRVIVAASKGGAEKNPMWYLNLKANPKVQVQIKKEVLDLTARDATDEERAEYWPQLVTMYPSYQDYQSWTDRTIPIVVCEP
ndh;Rv1854c;https://mycobrowser.epfl.ch/genes/Rv1854c;MSPQQEPTAQPPRRHRVVIIGSGFGGLNAAKKLKRADVDIKLIARTTHHLFQPLLYQVATGIISEGEIAPPTRVVLRKQRNVQVLLGNVTHIDLAGQCVVSELLGHTYQTPYDSLIVAAGAGQSYFGNDHFAEFAPGMKSIDDALELRGRILSAFEQAERSSDPERRAKLLTFTVVGAGPTGVEMAGQIAELAEHTLKGAFRHIDSTKARVILLDAAPAVLPPMGAKLGQRAAARLQKLGVEIQLGAMVTDVDRNGITVKDSDGTVRRIESACKVWSAGVSASRLGRDLAEQSRVELDRAGRVQVLPDLSIPGYPNVFVVGDMAAVEGVPGVAQGAIQGAKYVASTIKAELAGANPAEREPFQYFDKGSMATVSRFSAVAKIGPVEFSGFIAWLIWLVLHLAYLIGFKTKITTLLSWTVTFLSTRRGQLTITDQQAFARTRLEQLAELAAEAQGSAASAKVAS
aftB;Rv3805c;https://mycobrowser.epfl.ch/genes/Rv3805c;MVRVSLWLSVTAVAVLFGWGSWQRRWIADDGLIVLRTVRNLLAGNGPVFNQGERVEANTSTAWTYLLYVGGWVGGPMRLEYVALALAMVLSLLGMVLLMLGTGRLYAPSLRGRRAIMLPAGALVYIAVPPARDFATSGLESGLVLAYLGLLWWMMVCWSQPLRARPDSQMFLGALAFVAGCSVLVRPEFALIGGLALIMMLIAARTWRRRVLIVLAGGFLPVAYQIFRMGYYGLLVPSTALAKDAAGDKWSQGMIYVSNFNRPYALWVPLVLSVPLGLLLMTARRRPSFLRPVLAPDYGRVARAVQSPPAVVAFIVGSGVLQALYWIRQGGDFMHGRVLLAPLFCLLAPVGVIPILLPDGKDFSRETGRWLVGALSGLWLGIAGWSLWAANSPGMGDDATRVTYSGIVDERRFYAQATGHAHPLTAADYLDYPRMAAVLTALNNTPEGALLLPSGNYNQWDLVPMIRPSSGTAPGGKPAPKPQHAVFFTNMGMLGMNVGLDVRVIDQIGLVNPLAAHTERLKHARIGHDKNLFPDWVIADGPWVKWYPGIPGYIDQQWVTQAEAALQCPATRAVLNSVRAPITLHRFLSNVLHSYEFTRYRIDRVPRYELVRCGLDVPDGPGPPPRE
embA;Rv3794;https://mycobrowser.epfl.ch/genes/Rv3794;VPHDGNERSHRIARLAAVVSGIAGLLLCGIVPLLPVNQTTATIFWPQGSTADGNITQITAPLVSGAPRALDISIPCSAIATLPANGGLVLSTLPAGGVDTGKAGLFVRANQDTVVVAFRDSVAAVAARSTIAAGGCSALHIWADTGGAGADFMGIPGGAGTLPPEKKPQVGGIFTDLKVGAQPGLSARVDIDTRFITTPGALKKAVMLLGVLAVLVAMVGLAALDRLSRGRTLRDWLTRYRPRVRVGFASRLADAAVIATLLLWHVIGATSSDDGYLLTVARVAPKAGYVANYYRYFGTTEAPFDWYTSVLAQLAAVSTAGVWMRLPATLAGIACWLIVSRFVLRRLGPGPGGLASNRVAVFTAGAVFLSAWLPFNNGLRPEPLIALGVLVTWVLVERSIALGRLAPAAVAIIVATLTATLAPQGLIALAPLLTGARAIAQRIRRRRATDGLLAPLAVLAAALSLITVVVFRDQTLATVAESARIKYKVGPTIAWYQDFLRYYFLTVESNVEGSMSRRFAVLVLLFCLFGVLFVLLRRGRVAGLASGPAWRLIGTTAVGLLLLTFTPTKWAVQFGAFAGLAGVLGAVTAFTFARIGLHSRRNLTLYVTALLFVLAWATSGINGWFYVGNYGVPWYDIQPVIASHPVTSMFLTLSILTGLLAAWYHFRMDYAGHTEVKDNRRNRILASTPLLVVAVIMVAGEVGSMAKAAVFRYPLYTTAKANLTALSTGLSSCAMADDVLAEPDPNAGMLQPVPGQAFGPDGPLGGISPVGFKPEGVGEDLKSDPVVSKPGLVNSDASPNKPNAAITDSAGTAGGKGPVGINGSHAALPFGLDPARTPVMGSYGENNLAATATSAWYQLPPRSPDRPLVVVSAAGAIWSYKEDGDFIYGQSLKLQWGVTGPDGRIQPLGQVFPIDIGPQPAWRNLRFPLAWAPPEADVARIVAYDPNLSPEQWFAFTPPRVPVLESLQRLIGSATPVLMDIATAANFPCQRPFSEHLGIAELPQYRILPDHKQTAASSNLWQSSSTGGPFLFTQALLRTSTIATYLRGDWYRDWGSVEQYHRLVPADQAPDAVVEEGVITVPGWGRPGPIRALP
embB;Rv3795;https://mycobrowser.epfl.ch/genes/Rv3795;MTQCASRRKSTPNRAILGAFASARGTRWVATIAGLIGFVLSVATPLLPVVQTTAMLDWPQRGQLGSVTAPLISLTPVDFTATVPCDVVRAMPPAGGVVLGTAPKQGKDANLQALFVVVSAQRVDVTDRNVVILSVPREQVTSPQCQRIEVTSTHAGTFANFVGLKDPSGAPLRSGFPDPNLRPQIVGVFTDLTGPAPPGLAVSATIDTRFSTRPTTLKLLAIIGAIVATVVALIALWRLDQLDGRGSIAQLLLRPFRPASSPGGMRRLIPASWRTFTLTDAVVIFGFLLWHVIGANSSDDGYILGMARVADHAGYMSNYFRWFGSPEDPFGWYYNLLALMTHVSDASLWMRLPDLAAGLVCWLLLSREVLPRLGPAVEASKPAYWAAAMVLLTAWMPFNNGLRPEGIIALGSLVTYVLIERSMRYSRLTPAALAVVTAAFTLGVQPTGLIAVAALVAGGRPMLRILVRRHRLVGTLPLVSPMLAAGTVILTVVFADQTLSTVLEATRVRAKIGPSQAWYTENLRYYYLILPTVDGSLSRRFGFLITALCLFTAVFIMLRRKRIPSVARGPAWRLMGVIFGTMFFLMFTPTKWVHHFGLFAAVGAAMAALTTVLVSPSVLRWSRNRMAFLAALFFLLALCWATTNGWWYVSSYGVPFNSAMPKIDGITVSTIFFALFAIAAGYAAWLHFAPRGAGEGRLIRALTTAPVPIVAGFMAAVFVASMVAGIVRQYPTYSNGWSNVRAFVGGCGLADDVLVEPDTNAGFMKPLDGDSGSWGPLGPLGGVNPVGFTPNGVPEHTVAEAIVMKPNQPGTDYDWDAPTKLTSPGINGSTVPLPYGLDPARVPLAGTYTTGAQQQSTLVSAWYLLPKPDDGHPLVVVTAAGKIAGNSVLHGYTPGQTVVLEYAMPGPGALVPAGRMVPDDLYGEQPKAWRNLRFARAKMPADAVAVRVVAEDLSLTPEDWIAVTPPRVPDLRSLQEYVGSTQPVLLDWAVGLAFPCQQPMLHANGIAEIPKFRITPDYSAKKLDTDTWEDGTNGGLLGITDLLLRAHVMATYLSRDWARDWGSLRKFDTLVDAPPAQLELGTATRSGLWSPGKIRIGP
embC;Rv3793;https://mycobrowser.epfl.ch/genes/Rv3793;MATEAAPPRIAVRLPSTSVRDAGANYRIARYVAVVAGLLGAVLAIATPLLPVNQTTAQLNWPQNGTFASVEAPLIGYVATDLNITVPCQAAAGLAGSQNTGKTVLLSTVPKQAPKAVDRGLLLQRANDDLVLVVRNVPLVTAPLSQVLGPTCQRLTFTAHADRVAAEFVGLVQGPNAEHPGAPLRGERSGYDFRPQIVGVFTDLAGPAPPGLSFSASVDTRYSSSPTPLKMAAMILGVALTGAALVALHILDTADGMRHRRFLPARWWSTGGLDTLVIAVLVWWHFVGANTSDDGYILTMARVSEHAGYMANYYRWFGTPEAPFGWYYDLLALWAHVSTASIWMRLPTLAMALTCWWVISREVIPRLGHAVKTSRAAAWTAAGMFLAVWLPLDNGLRPEPIIALGILLTWCSVERAVATSRLLPVAIACIIGALTLFSGPTGIASIGALLVAIGPLRTILHRRSRRFGVLPLVAPILAAATVTAIPIFRDQTFAGEIQANLLKRAVGPSLKWFDEHIRYERLFMASPDGSIARRFAVLALVLALAVSVAMSLRKGRIPGTAAGPSRRIIGITIISFLAMMFTPTKWTHHFGVFAGLAGSLGALAAVAVTGAAMRSRRNRTVFAAVVVFVLALSFASVNGWWYVSNFGVPWSNSFPKWRWSLTTALLELTVLVLLLAAWFHFVANGDGRRTARPTRFRARLAGIVQSPLAIATWLLVLFEVVSLTQAMISQYPAWSVGRSNLQALAGKTCGLAEDVLVELDPNAGMLAPVTAPLADALGAGLSEAFTPNGIPADVTADPVMERPGDRSFLNDDGLITGSEPGTEGGTTAAPGINGSRARLPYNLDPARTPVLGSWRAGVQVPAMLRSGWYRLPTNEQRDRAPLLVVTAAGRFDSREVRLQWATDEQAAAGHHGGSMEFADVGAAPAWRNLRAPLSAIPSTATQVRLVADDQDLAPQHWIALTPPRIPRVRTLQNVVGAADPVFLDWLVGLAFPCQRPFGHQYGVDETPKWRILPDRFGAEANSPVMDHNGGGPLGITELLMRATTVASYLKDDWFRDWGALQRLTPYYPDAQPADLNLGTVTRSGLWSPAPLRRG
embR;Rv1267c;https://mycobrowser.epfl.ch/genes/Rv1267c;MAGSATVEKRLDFGLLGPLQMTIDGTPVPSGTPKQRAVLAMLVINRNRPVGVDALITALWEEWPPSGARASIHSYVSNLRKLLGGAGIDPRVVLAAAPPGYRLSIPDNTCDLGRFVAEKTAGVHAAAAGRFEQASRHLSAALREWRGPVLDDLRDFQFVEPFATALVEDKVLAHTAKAEAEIACGRASAVIAELEALTFEHPYREPLWTQLITAYYLSDRQSDALGAYRRVKTTLADDLGIDPGPTLRALNERILRQQPLDAKKSAKTTAAGTVTVLDQRTMASGQQAVAYLHDIASGRGYPLQAAATRIGRLHDNDIVLDSANVSRHHAVIVDTGTNYVINDLRSSNGVHVQHERIRSAVTLNDGDHIRICDHEFTFQISAGTHGGT
glpK;Rv3696c;https://mycobrowser.epfl.ch/genes/Rv3696c;VSDAILGEQLAESSDFIAAIDQGTTSTRCMIFDHHGAEVARHQLEHEQILPRAGWVEHNPVEIWERTASVLISVLNATNLSPKDIAALGITNQRETTLVWNRHTGRPYYNAIVWQDTRTDRIASALDRDGRGNLIRRKAGLPPATYFSGGKLQWILENVDGVRAAAENGDALFGTPDTWVLWNLTGGPRGGVHVTDVTNASRTMLMDLETLDWDDELLSLFSIPRAMLPEIASSAPSEPYGVTLATGPVGGEVPITGVLGDQHAAMVGQVCLAPGEAKNTYGTGNFLLLNTGETIVRSNNGLLTTVCYQFGNAKPVYALEGSIAVTGSAVQWLRDQLGIISGAAQSEALARQVPDNGGMYFVPAFSGLFAPYWRSDARGAIVGLSRFNTNAHLARATLEAICYQSRDVVDAMEADSGVRLQVLKVDGGITGNDLCMQIQADVLGVDVVRPVVAETTALGVAYAAGLAVGFWAAPSDLRANWREDKRWTPTWDDDERAAGYAGWRKAVQRTLDWVDVS
Rv2752c;Rv2752c;https://mycobrowser.epfl.ch/genes/Rv2752c;VDVDLPPPGPLTSGGLRVTALGGINEIGRNMTVFEHLGRLLIIDCGVLFPGHDEPGVDLILPDMRHVEDRLDDIEALVLTHGHEDHIGAIPFLLKLRPDIPVVGSKFTLALVAEKCREYRITPVFVEVREGQSTRHGVFECEYFAVNHSTPDALAIAVYTGAGTILHTGDIKFDQLPPDGRPTDLPGMSRLGDTGVDLLLCDSTNAEIPGVGPSESEVGPTLHRLIRGADGRVIVACFASNVDRVQQIIDAAVALGRRVSFVGRSMVRNMRVARQLGFLRVADSDLIDIAAAETMAPDQVVLITTGTQGEPMSALSRMSRGEHRSITLTAGDLIVLSSSLIPGNEEAVFGVIDALSKIGARVVTNAQARVHVSGHAYAGELLFLYNGVRPRNVMPVHGTWRMLRANAKLAASTGVPQESILLAENGVSVDLVAGKASISGAVPVGKMFVDGLIAGDVGDITLGERLILSSGFVAVTVVVRRGTGQPLAAPHLHSRGFSEDPKALEPAVRKVEAELESLVAANVTDPIRIAQGVRRTVGKWVGETYRRQPMIVPTVIEV
ubiA;Rv3806c;https://mycobrowser.epfl.ch/genes/Rv3806c;MSEDVVTQPPANLVAGVVKAIRPRQWVKNVLVLAAPLAALGGGVRYDYVEVLSKVSMAFVVFSLAASAVYLVNDVRDVEADREHPTKRFRPIAAGVVPEWLAYTVAVVLGVTSLAGAWMLTPNLALVMVVYLAMQLAYCFGLKHQAVVEICVVSSAYLIRAIAGGVATKIPLSKWFLLIMAFGSLFMVAGKRYAELHLAERTGAAIRKSLESYTSTYLRFVWTLSATAVVLCYGLWAFERDGYSGSWFAVSMIPFTIAILRYAVDVDGGLAGEPEDIALRDRVLQLLALAWIATVGAAVAFG
ethA;Rv3854c;https://mycobrowser.epfl.ch/genes/Rv3854c;MTEHLDVVIVGAGISGVSAAWHLQDRCPTKSYAILEKRESMGGTWDLFRYPGIRSDSDMYTLGFRFRPWTGRQAIADGKPILEYVKSTAAMYGIDRHIRFHHKVISADWSTAENRWTVHIQSHGTLSALTCEFLFLCSGYYNYDEGYSPRFAGSEDFVGPIIHPQHWPEDLDYDAKNIVVIGSGATAVTLVPALADSGAKHVTMLQRSPTYIVSQPDRDGIAEKLNRWLPETMAYTAVRWKNVLRQAAVYSACQKWPRRMRKMFLSLIQRQLPEGYDVRKHFGPHYNPWDQRLCLVPNGDLFRAIRHGKVEVVTDTIERFTATGIRLNSGRELPADIIITATGLNLQLFGGATATIDGQQVDITTTMAYKGMMLSGIPNMAYTVGYTNASWTLKADLVSEFVCRLLNYMDDNGFDTVVVERPGSDVEERPFMEFTPGYVLRSLDELPKQGSRTPWRLNQNYLRDIRLIRRGKIDDEGLRFAKRPAPVGV
ethR;Rv3855;https://mycobrowser.epfl.ch/genes/Rv3855;VTTSAASQASLPRGRRTARPSGDDRELAILATAENLLEDRPLADISVDDLAKGAGISRPTFYFYFPSKEAVLLTLLDRVVNQADMALQTLAENPADTDRENMWRTGINVFFETFGSHKAVTRAGQAARATSVEVAELWSTFMQKWIAYTAAVIDAERDRGAAPRTLPAHELATALNLMNERTLFASFAGEQPSVPEARVLDTLVHIWVTSIYGENR
inhA;Rv1484;https://mycobrowser.epfl.ch/genes/Rv1484;MTGLLDGKRILVSGIITDSSIAFHIARVAQEQGAQLVLTGFDRLRLIQRITDRLPAKAPLLELDVQNEEHLASLAGRVTEAIGAGNKLDGVVHSIGFMPQTGMGINPFFDAPYADVSKGIHISAYSYASMAKALLPIMNPGGSIVGMDFDPSRAMPAYNWMTVAKSALESVNRFVAREAGKYGVRSNLVAAGPIRTLAMSAIVGGALGEEAGAQIQLLEEGWDQRAPIGWNMKDATPVAKTVCALLSDWLPATTGDIIYADGGAHTQLL
mshA;Rv0486;https://mycobrowser.epfl.ch/genes/Rv0486;MAGVRHDDGSGLIAQRRPVRGEGATRSRGPSGPSNRNVSAADDPRRVALLAVHTSPLAQPGTGDAGGMNVYMLQSALHLARRGIEVEIFTRATASADPPVVRVAPGVLVRNVVAGPFEGLDKYDLPTQLCAFAAGVLRAEAVHEPGYYDIVHSHYWLSGQVGWLARDRWAVPLVHTAHTLAAVKNAALADGDGPEPPLRTVGEQQVVDEADRLIVNTDDEARQVISLHGADPARIDVVHPGVDLDVFRPGDRRAARAALGLPVDERVVAFVGRIQPLKAPDIVLRAAAKLPGVRIIVAGGPSGSGLASPDGLVRLADELGISARVTFLPPQSHTDLATLFRAADLVAVPSYSESFGLVAVEAQACGTPVVAAAVGGLPVAVRDGITGTLVSGHEVGQWADAIDHLLRLCAGPRGRVMSRAAARHAATFSWENTTDALLASYRRAIGEYNAERQRRGGEVISDLVAVGKPRHWTPRRGVGA
Rv0565c;Rv0565c;https://mycobrowser.epfl.ch/genes/Rv0565c;MSVTPNAGCVDVVIVGAGISGLGAAYRIIERNPQLTYTILERRARIGGTWDLFRYPGVRSDSSIFTLSFPYEPWTREEGIADGAHIREYLTDMAHKYGIDRHIEFNSYVRAADWDSSTDTWTVTFEQNGVHKHYRSRFVFFGSGYYNYDEGYTPDFGGIEKFGGAVVHPQHWPEDLDYTGKKIVVIGSGATAVTLIPSLTDRAEKVTMLQRSPTYLISASKYSTFAAVVRKALPPKTSHLIVRMYNALLEAVFWFLSRKTPVFVKWLLRRTAIKNLPEGYDIETHFTPRYNPWDQRLCLIPDADLYNAITSGRAEVVTDHIDHFDATGIALKSGGHLDADIIVTATGLQLQALGGAAISLDGVEIDPRDRFVYKAHMLEDVPNLFWCVGYTNASWTLRADMTARATAKLLAHMAAHGHTRAAPHLGDEPMDEKPSWDIQAGYVKRAPYALPKSGTKRPWNVRQNYLADAIDYRFDRIEEAMVFGAA
Rv3083;Rv3083;https://mycobrowser.epfl.ch/genes/Rv3083;MNQHFDVLIIGAGLSGIGTACHVTAEFPDKTIALLERRERLGGTWDLFRYPGVRSDSDMFTFGYKFRPWRDVKVLADGASIRQYIADTATEFGVDEKIHYGLKVNTAEWSSRQCRWTVAGVHEATGETRTYTCDYLISCTGYYNYDAGYLPDFPGVHRFGGRCVHPQHWPEDLDYSGKKVVVIGSGATAVTLVPAMAGSNPGSAAHVTMLQRSPSYIFSLPAVDKISEVLGRFLPDRWVYEFGRRRNIAIQRKLYQACRRWPKLMRRLLLWEVRRRLGRSVDMSNFTPNYLPWDERLCAVPNGDLFKTLASGAASVVTDQIETFTEKGILCKSGREIEADIIVTATGLNIQMLGGMRLIVDGAEYQLPEKMTYKGVLLENAPNLAWIIGYTNASWTLKSDIAGAYLCRLLRHMADNGYTVATPRDAQDCALDVGMFDQLNSGYVKRGQDIMPRQGSKHPWRVLMHYEKDAKILLEDPIDDGVLHFAAAAQDHAAA
ahpC;Rv2428;https://mycobrowser.epfl.ch/genes/Rv2428;MPLLTIGDQFPAYQLTALIGGDLSKVDAKQPGDYFTTITSDEHPGKWRVVFFWPKDFTFVCPTEIAAFSKLNDEFEDRDAQILGVSIDSEFAHFQWRAQHNDLKTLPFPMLSDIKRELSQAAGVLNADGVADRVTFIVDPNNEIQFVSATAGSVGRNVDEVLRVLDALQSDELCACNWRKGDPTLDAGELLKASA
dnaA;Rv0001;https://mycobrowser.epfl.ch/genes/Rv0001;LTDDPGSGFTTVWNAVVSELNGDPKVDDGPSSDANLSAPLTPQQRAWLNLVQPLTIVEGFALLSVPSSFVQNEIERHLRAPITDALSRRLGHQIQLGVRIAPPATDEADDTTVPPSENPATTSPDTTTDNDEIDDSAAARGDNQHSWPSYFTERPHNTDSATAGVTSLNRRYTFDTFVIGASNRFAHAAALAIAEAPARAYNPLFIWGESGLGKTHLLHAAGNYAQRLFPGMRVKYVSTEEFTNDFINSLRDDRKVAFKRSYRDVDVLLVDDIQFIEGKEGIQEEFFHTFNTLHNANKQIVISSDRPPKQLATLEDRLRTRFEWGLITDVQPPELETRIAILRKKAQMERLAVPDDVLELIASSIERNIRELEGALIRVTAFASLNKTPIDKALAEIVLRDLIADANTMQISAATIMAATAEYFDTTVEELRGPGKTRALAQSRQIAMYLCRELTDLSLPKIGQAFGRDHTTVMYAQRKILSEMAERREVFDHVKELTTRIRQRSKR
hadA;Rv0635;https://mycobrowser.epfl.ch/genes/Rv0635;VALSADIVGMHYRYPDHYEVEREKIREYAVAVQNDDAWYFEEDGAAELGYKGLLAPLTFICVFGYKAQAAFFKHANIATAEAQIVQVDQVLKFEKPIVAGDKLYCDVYVDSVREAHGTQIIVTKNIVTNEEGDLVQETYTTLAGRAGEDGEGFSDGAA
katG;Rv1908c;https://mycobrowser.epfl.ch/genes/Rv1908c;VPEQHPPITETTTGAASNGCPVVGHMKYPVEGGGNQDWWPNRLNLKVLHQNPAVADPMGAAFDYAAEVATIDVDALTRDIEEVMTTSQPWWPADYGHYGPLFIRMAWHAAGTYRIHDGRGGAGGGMQRFAPLNSWPDNASLDKARRLLWPVKKKYGKKLSWADLIVFAGNCALESMGFKTFGFGFGRVDQWEPDEVYWGKEATWLGDERYSGKRDLENPLAAVQMGLIYVNPEGPNGNPDPMAAAVDIRETFRRMAMNDVETAALIVGGHTFGKTHGAGPADLVGPEPEAAPLEQMGLGWKSSYGTGTGKDAITSGIEVVWTNTPTKWDNSFLEILYGYEWELTKSPAGAWQYTAKDGAGAGTIPDPFGGPGRSPTMLATDLSLRVDPIYERITRRWLEHPEELADEFAKAWYKLIHRDMGPVARYLGPLVPKQTLLWQDPVPAVSHDLVGEAEIASLKSQIRASGLTVSQLVSTAWAAASSFRGSDKRGGANGGRIRLQPQVGWEVNDPDGDLRKVIRTLEEIQESFNSAAPGNIKVSFADLVVLGGCAAIEKAAKAAGHNITVPFTPGRTDASQEQTDVESFAVLEPKADGFRNYLGKGNPLPAEYMLLDKANLLTLSAPEMTVLVGGLRVLGANYKRLPLGVFTEASESLTNDFFVNLLDMGITWEPSPADDGTYQGKDGSGKVKWTGSRVDLVFGSNSELRALVEVYGADDAQPKFVQDFVAAWDKVMNLDRFDVR
Rv0010c;Rv0010c;https://mycobrowser.epfl.ch/genes/Rv0010c;MQQTAWAPRTSGIAGCGAGGVVMAIASVTLVTDTPGRVLTGVAALGLILFASATWRARPRLAITPDGLAIRGWFRTQLLRHSNIKIIRIDEFRRYGRLVRLLEIETVSGGLLILSRWDLGTDPVEVLDALTAAGYAGRGQR
Rv1129c;Rv1129c;https://mycobrowser.epfl.ch/genes/Rv1129c;MTRSNVLPVARTYSRTFSGARLRRLRQERGLTQVALAKALDLSTSYVNQLENDQRPITVPVLLLLTERFDLSAQYFSSDSDARLVADLSDVFTDIGVEHAVSGAQIEEFVARMPEVGHSLVAVHRRLRAATEELEGYRSRATAETELPPARPMPFEEVRDFFYDRNNYIHDLDMAAERMFTESGMRTGGLDIQLAELMRDRFGISVVIDDNLPDTAKRRYHPDTKVLRVAHWLMPGQRAFQIATQLALVGQSDLISSIVATDDQLSTEARGVARIGLANYFAGAFLLPYREFHRAAEQLRYDIDLLGRRFGVGFETVCHRLSTLQRPRQRGIPFIFVRTDKAGNISKRQSATAFHFSRVGGSCPLWVVHDAFAQPERIVRQVAQMPDGRSYFWVAKTTAADGLGYLGPHKNFAVGLGCDLAHAHKLVYSTGVVLDDPSTEVPIGAGCKICNRTSCAQRAFPYLGGRVAVDENAGSSLPYSSTEQSV
Rv1258c;Rv1258c;https://mycobrowser.epfl.ch/genes/Rv1258c;MRNSNRGPAFLILFATLMAAAGDGVSIVAFPWLVLQREGSAGQASIVASATMLPLLFATLVAGTAVDYFGRRRVSMVADALSGAAVAGVPLVAWGYGGDAVNVLVLAVLAALAAAFGPAGMTARDSMLPEAAARAGWSLDRINGAYEAILNLAFIVGPAIGGLMIATVGGITTMWITATAFGLSILAIAALQLEGAGKPHHTSRPQGLVSGIAEGLRFVWNLRVLRTLGMIDLTVTALYLPMESVLFPKYFTDHQQPVQLGWALMAIAGGGLVGALGYAVLAIRVPRRVTMSTAVLTLGLASMVIAFLPPLPVIMVLCAVVGLVYGPIQPIYNYVIQTRAAQHLRGRVVGVMTSLAYAAGPLGLLLAGPLTDAAGLHATFLALALPIVCTGLVAIRLPALRELDLAPQADIDRPVGSAQ
gyrA;Rv0006;https://mycobrowser.epfl.ch/genes/Rv0006;MTDTTLPPDDSLDRIEPVDIEQEMQRSYIDYAMSVIVGRALPEVRDGLKPVHRRVLYAMFDSGFRPDRSHAKSARSVAETMGNYHPHGDASIYDSLVRMAQPWSLRYPLVDGQGNFGSPGNDPPAAMRYTEARLTPLAMEMLREIDEETVDFIPNYDGRVQEPTVLPSRFPNLLANGSGGIAVGMATNIPPHNLRELADAVFWALENHDADEEETLAAVMGRVKGPDFPTAGLIVGSQGTADAYKTGRGSIRMRGVVEVEEDSRGRTSLVITELPYQVNHDNFITSIAEQVRDGKLAGISNIEDQSSDRVGLRIVIEIKRDAVAKVVINNLYKHTQLQTSFGANMLAIVDGVPRTLRLDQLIRYYVDHQLDVIVRRTTYRLRKANERAHILRGLVKALDALDEVIALIRASETVDIARAGLIELLDIDEIQAQAILDMQLRRLAALERQRIIDDLAKIEAEIADLEDILAKPERQRGIVRDELAEIVDRHGDDRRTRIIAADGDVSDEDLIAREDVVVTITETGYAKRTKTDLYRSQKRGGKGVQGAGLKQDDIVAHFFVCSTHDLILFFTTQGRVYRAKAYDLPEASRTARGQHVANLLAFQPEERIAQVIQIRGYTDAPYLVLATRNGLVKKSKLTDFDSNRSGGIVAVNLRDNDELVGAVLCSAGDDLLLVSANGQSIRFSATDEALRPMGRATSGVQGMRFNIDDRLLSLNVVREGTYLLVATSGGYAKRTAIEEYPVQGRGGKGVLTVMYDRRRGRLVGALIVDDDSELYAVTSGGGVIRTAARQVRKAGRQTKGVRLMNLGEGDTLLAIARNAEESGDDNAVDANGADQTGN
gyrB;Rv0005;https://mycobrowser.epfl.ch/genes/Rv0005;VAAQKKKAQDEYGAASITILEGLEAVRKRPGMYIGSTGERGLHHLIWEVVDNAVDEAMAGYATTVNVVLLEDGGVEVADDGRGIPVATHASGIPTVDVVMTQLHAGGKFDSDAYAISGGLHGVGVSVVNALSTRLEVEIKRDGYEWSQVYEKSEPLGLKQGAPTKKTGSTVRFWADPAVFETTEYDFETVARRLQEMAFLNKGLTINLTDERVTQDEVVDEVVSDVAEAPKSASERAAESTAPHKVKSRTFHYPGGLVDFVKHINRTKNAIHSSIVDFSGKGTGHEVEIAMQWNAGYSESVHTFANTINTHEGGTHEEGFRSALTSVVNKYAKDRKLLKDKDPNLTGDDIREGLAAVISVKVSEPQFEGQTKTKLGNTEVKSFVQKVCNEQLTHWFEANPTDAKVVVNKAVSSAQARIAARKARELVRRKSATDIGGLPGKLADCRSTDPRKSELYVVEGDSAGGSAKSGRDSMFQAILPLRGKIINVEKARIDRVLKNTEVQAIITALGTGIHDEFDIGKLRYHKIVLMADADVDGQHISTLLLTLLFRFMRPLIENGHVFLAQPPLYKLKWQRSDPEFAYSDRERDGLLEAGLKAGKKINKEDGIQRYKGLGEMDAKELWETTMDPSVRVLRQVTLDDAAAADELFSILMGEDVDARRSFITRNAKDVRFLDV
rplC;Rv0701;https://mycobrowser.epfl.ch/genes/Rv0701;MARKGILGTKLGMTQVFDESNRVVPVTVVKAGPNVVTRIRTPERDGYSAVQLAYGEISPRKVNKPLTGQYTAAGVNPRRYLAELRLDDSDAATEYQVGQELTAEIFADGSYVDVTGTSKGKGFAGTMKRHGFRGQGASHGAQAVHRRPGSIGGCATPARVFKGTRMAGRMGNDRVTVLNLLVHKVDAENGVLLIKGAVPGRTGGLVMVRSAIKRGEK
tsnR;Rv1644;https://mycobrowser.epfl.ch/genes/Rv1644;VLTERSARVATAVKLHRHVGRRRAGRFLAEGPNLVAAALARGLVREVFVTEVAARRHELLLAAHEASVHLVTERAAKALSDTVTPAGLVAVCDLPATRLEDVLAGSPQLIAVTVEIREPGNAGTVIRIADAMGAAAVILAGRSVDPYNGKCLRASTGSIFAIPVVVAPDVGAAIADLRAAGLQVLATAVDGEMALDDADRLLAEPTAWLFGPEAHGLSAEIAALADHRVHILMSGGAESLNVAAAAAICLYESARALGRR
clpC1;Rv3596c;https://mycobrowser.epfl.ch/genes/Rv3596c;MFERFTDRARRVVVLAQEEARMLNHNYIGTEHILLGLIHEGEGVAAKSLESLGISLEGVRSQVEEIIGQGQQAPSGHIPFTPRAKKVLELSLREALQLGHNYIGTEHILLGLIREGEGVAAQVLVKLGAELTRVRQQVIQLLSGYQGKEAAEAGTGGRGGESGSPSTSLVLDQFGRNLTAAAMEGKLDPVIGREKEIERVMQVLSRRTKNNPVLIGEPGVGKTAVVEGLAQAIVHGEVPETLKDKQLYTLDLGSLVAGSRYRGDFEERLKKVLKEINTRGDIILFIDELHTLVGAGAAEGAIDAASILKPKLARGELQTIGATTLDEYRKYIEKDAALERRFQPVQVGEPTVEHTIEILKGLRDRYEAHHRVSITDAAMVAAATLADRYINDRFLPDKAIDLIDEAGARMRIRRMTAPPDLREFDEKIAEARREKESAIDAQDFEKAASLRDREKTLVAQRAEREKQWRSGDLDVVAEVDDEQIAEVLGNWTGIPVFKLTEAETTRLLRMEEELHKRIIGQEDAVKAVSKAIRRTRAGLKDPKRPSGSFIFAGPSGVGKTELSKALANFLFGDDDALIQIDMGEFHDRFTASRLFGAPPGYVGYEEGGQLTEKVRRKPFSVVLFDEIEKAHQEIYNSLLQVLEDGRLTDGQGRTVDFKNTVLIFTSNLGTSDISKPVGLGFSKGGGENDYERMKQKVNDELKKHFRPEFLNRIDDIIVFHQLTREEIIRMVDLMISRVAGQLKSKDMALVLTDAAKALLAKRGFDPVLGARPLRRTIQREIEDQLSEKILFEEVGPGQVVTVDVDNWDGEGPGEDAVFTFTGTRKPPAEPDLAKAGAHSAGGPEPAAR
panD;Rv3601c;https://mycobrowser.epfl.ch/genes/Rv3601c;MLRTMLKSKIHRATVTCADLHYVGSVTIDADLMDAADLLEGEQVTIVDIDNGARLVTYAITGERGSGVIGINGAAAHLVHPGDLVILIAYATMDDARARTYQPRIVFVDAYNKPIDMGHDPAFVPENAGELLDPRLGVG
pncA;Rv2043c;https://mycobrowser.epfl.ch/genes/Rv2043c;MRALIIVDVQNDFCEGGSLAVTGGAALARAISDYLAEAADYHHVVATKDFHIDPGDHFSGTPDYSSSWPPHCVSGTPGADFHPSLDTSAIEAVFYKGAYTGAYSGFEGVDENGTPLLNWLRQRGVDEVDVVGIATDHCVRQTAEDAVRNGLATRVLVDLTAGVSADTTVAALEEMRTASVELVCSS
PPE35;Rv1918c;https://mycobrowser.epfl.ch/genes/Rv1918c;MHYSVLPPEINSALIFAGAGSGPMLAAASAWDGLATELASAAVSFGSVTAGLVGGSWQGRSSVAMAAAAAPYAGWLAAAATQAEQAATQAQVMVAEFEAVRLAMVQPALVAANRSGLISLVISNLFGQNAPAIAAAEAAYEEMWALDVSAMAAYHSGASAVAVALPAFALPLRLPAGLAAGPAAVVTALTTAVGMPTFAGRAIAASLGLANVGGGNLGNANNGLGNIGNANLGNNNLGSGNFGSFNIGSANLGGNNIGIGNAGANNFGLANLGNLNTGFANAGIGNFGIANTGNNNIGNGLTGNNQIGIGGLNSGNGNVGLFNAGSANIGFFNSGNGNFGIGNSGNFSTGLFNPGHGNTGFLNAGSFNTGMFDVGNANTGSFNVGHYNFGAFNPGPSNTGTFNTGGANTGWFNTGSINTGAFNIGDMNNGLFNTGDMNNGVFYRGVGQGSLQFAITSPDLTLPSLEIPGISVPAFSLPAITLPSLTIPAVTTPANVTVGAFDLPGLTVPSLTIPAAMTPANITVGAFDLPGLTVPSLTIPATTTPANITVGAFNLPQLSIPSVTVPPITIPAGTALGAFNLPTLSIPSVTVPPITIPAGTTVGGFTLPTIHTPLISTPQISIGGFSTPGIATQANSGVINLPTFSLNGITITNLVVFIPNNITALQTNMPGVFPQIGGFANTPPAFINTGTITVGGGQINGVGFSIGAINVTPFTLPNVVIQPWSLGGISVDGFTLPEISTQEFTTPALTISPIGVGALSLPDITTQQFTTPELTIDPITLGGFTLPQLSIPAITTPAFTIDPIALGGFTLPQIMTPEITTPPFAIDPIGLSGFTLPQVNIPEITTPEFTIQPVGLAAFTTPALTIASIHLPSTTMGGFAIPAGPGYFNSSATPSLGFFNAGIGGNSGFGNSGSGLSGWFNTSPVGLLAGSGYQNYGGLISGFSNLGSGISGFANTGTLPFAVTSLVSGLANIGNNLSGLFFQSTTP
rpsA;Rv1630;https://mycobrowser.epfl.ch/genes/Rv1630;MPSPTVTSPQVAVNDIGSSEDFLAAIDKTIKYFNDGDIVEGTIVKVDRDEVLLDIGYKTEGVIPARELSIKHDVDPNEVVSVGDEVEALVLTKEDKEGRLILSKKRAQYERAWGTIEALKEKDEAVKGTVIEVVKGGLILDIGLRGFLPASLVEMRRVRDLQPYIGKEIEAKIIELDKNRNNVVLSRRAWLEQTQSEVRSEFLNNLQKGTIRKGVVSSIVNFGAFVDLGGVDGLVHVSELSWKHIDHPSEVVQVGDEVTVEVLDVDMDRERVSLSLKATQEDPWRHFARTHAIGQIVPGKVTKLVPFGAFVRVEEGIEGLVHISELAERHVEVPDQVVAVGDDAMVKVIDIDLERRRISLSLKQANEDYTEEFDPAKYGMADSYDEQGNYIFPEGFDAETNEWLEGFEKQRAEWEARYAEAERRHKMHTAQMEKFAAAEAAGRGADDQSSASSAPSEKTAGGSLASDAQLAALREKLAGSA
Rv3236c;Rv3236c;https://mycobrowser.epfl.ch/genes/Rv3236c;VEVSRALLFELGVLLAVLAVLGAVARRFALSPIPVYLLAGLSLGNGGILGVAAAGEFIATGAPIGVVLLLLALGLEFSATEFASSLRHHLPSAGVDIVLNATPGAVAGWLLGLDGVAILGLAGVTYISSSGVIARLLEDLRRLGNRETPAVLSVLVLEDFAMAAYLPLFAVLATDGSWLEAVVGMTVAIAALLGAFAASYRWGHHVGRLVTHPDSEQLLLRVLGITLIVAAVAESLHASAAVGAFLVGLTLTGETADRARMVLTPLRDLFATIFFLGIGLSVDPGKLVSMLPVALALAAVTAATKVATGMFAARREGVARRGQLRAGTALVARGEFSLIIIGLAGASIPGVAALATAYVFVMAIVGPILARYTGGGLPAAAVASN
sigE;Rv1221;https://mycobrowser.epfl.ch/genes/Rv1221;MELLGGPRVGNTESQLCVADGDDLPTYCSANSEDLNITTITTLSPTSMSHPQQVRDDQWVEPSDQLQGTAVFDATGDKATMPSWDELVRQHADRVYRLAYRLSGNQHDAEDLTQETFIRVFRSVQNYQPGTFEGWLHRITTNLFLDMVRRRARIRMEALPEDYDRVPADEPNPEQIYHDARLGPDLQAALASLPPEFRAAVVLCDIEGLSYEEIGATLGVKLGTVRSRIHRGRQALRDYLAAHPEHGECAVHVNPVR
nusG;Rv0639;https://mycobrowser.epfl.ch/genes/Rv0639;VTTFDGDTSAGEAVDLTEANAFQDAAAPAEEVDPAAALKAELRSKPGDWYVVHSYAGYENKVKANLETRVQNLDVGDYIFQVEVPTEEVTEIKNGQRKQVNRKVLPGYILVRMDLTDDSWAAVRNTPGVTGFVGATSRPSALALDDVVKFLLPRGSTRKAAKGAASTAAAAEAGGLERPVVEVDYEVGESVTVMDGPFATLPATISEVNAEQQKLKVLVSIFGRETPVELTFGQVSKI
rpoA;Rv3457c;https://mycobrowser.epfl.ch/genes/Rv3457c;MLISQRPTLSEDVLTDNRSQFVIEPLEPGFGYTLGNSLRRTLLSSIPGAAVTSIRIDGVLHEFTTVPGVKEDVTEIILNLKSLVVSSEEDEPVTMYLRKQGPGEVTAGDIVPPAGVTVHNPGMHIATLNDKGKLEVELVVERGRGYVPAVQNRASGAEIGRIPVDSIYSPVLKVTYKVDATRVEQRTDFDKLILDVETKNSISPRDALASAGKTLVELFGLARELNVEAEGIEIGPSPAEADHIASFALPIDDLDLTVRSYNCLKREGVHTVGELVARTESDLLDIRNFGQKSIDEVKIKLHQLGLSLKDSPPSFDPSEVAGYDVATGTWSTEGAYDEQDYAETEQL
rpoB;Rv0667;https://mycobrowser.epfl.ch/genes/Rv0667;LADSRQSKTAASPSPSRPQSSSNNSVPGAPNRVSFAKLREPLEVPGLLDVQTDSFEWLIGSPRWRESAAERGDVNPVGGLEEVLYELSPIEDFSGSMSLSFSDPRFDDVKAPVDECKDKDMTYAAPLFVTAEFINNNTGEIKSQTVFMGDFPMMTEKGTFIINGTERVVVSQLVRSPGVYFDETIDKSTDKTLHSVKVIPSRGAWLEFDVDKRDTVGVRIDRKRRQPVTVLLKALGWTSEQIVERFGFSEIMRSTLEKDNTVGTDEALLDIYRKLRPGEPPTKESAQTLLENLFFKEKRYDLARVGRYKVNKKLGLHVGEPITSSTLTEEDVVATIEYLVRLHEGQTTMTVPGGVEVPVETDDIDHFGNRRLRTVGELIQNQIRVGMSRMERVVRERMTTQDVEAITPQTLINIRPVVAAIKEFFGTSQLSQFMDQNNPLSGLTHKRRLSALGPGGLSRERAGLEVRDVHPSHYGRMCPIETPEGPNIGLIGSLSVYARVNPFGFIETPYRKVVDGVVSDEIVYLTADEEDRHVVAQANSPIDADGRFVEPRVLVRRKAGEVEYVPSSEVDYMDVSPRQMVSVATAMIPFLEHDDANRALMGANMQRQAVPLVRSEAPLVGTGMELRAAIDAGDVVVAEESGVIEEVSADYITVMHDNGTRRTYRMRKFARSNHGTCANQCPIVDAGDRVEAGQVIADGPCTDDGEMALGKNLLVAIMPWEGHNYEDAIILSNRLVEEDVLTSIHIEEHEIDARDTKLGAEEITRDIPNISDEVLADLDERGIVRIGAEVRDGDILVGKVTPKGETELTPEERLLRAIFGEKAREVRDTSLKVPHGESGKVIGIRVFSREDEDELPAGVNELVRVYVAQKRKISDGDKLAGRHGNKGVIGKILPVEDMPFLADGTPVDIILNTHGVPRRMNIGQILETHLGWCAHSGWKVDAAKGVPDWAARLPDELLEAQPNAIVSTPVFDGAQEAELQGLLSCTLPNRDGDVLVDADGKAMLFDGRSGEPFPYPVTVGYMYIMKLHHLVDDKIHARSTGPYSMITQQPLGGKAQFGGQRFGEMECWAMQAYGAAYTLQELLTIKSDDTVGRVKVYEAIVKGENIPEPGIPESFKVLLKELQSLCLNVEVLSSDGAAIELREGEDEDLERAAANLGINLSRNESASVEDLA
rpoC;Rv0668;https://mycobrowser.epfl.ch/genes/Rv0668;VLDVNFFDELRIGLATAEDIRQWSYGEVKKPETINYRTLKPEKDGLFCEKIFGPTRDWECYCGKYKRVRFKGIICERCGVEVTRAKVRRERMGHIELAAPVTHIWYFKGVPSRLGYLLDLAPKDLEKIIYFAAYVITSVDEEMRHNELSTLEAEMAVERKAVEDQRDGELEARAQKLEADLAELEAEGAKADARRKVRDGGEREMRQIRDRAQRELDRLEDIWSTFTKLAPKQLIVDENLYRELVDRYGEYFTGAMGAESIQKLIENFDIDAEAESLRDVIRNGKGQKKLRALKRLKVVAAFQQSGNSPMGMVLDAVPVIPPELRPMVQLDGGRFATSDLNDLYRRVINRNNRLKRLIDLGAPEIIVNNEKRMLQESVDALFDNGRRGRPVTGPGNRPLKSLSDLLKGKQGRFRQNLLGKRVDYSGRSVIVVGPQLKLHQCGLPKLMALELFKPFVMKRLVDLNHAQNIKSAKRMVERQRPQVWDVLEEVIAEHPVLLNRAPTLHRLGIQAFEPMLVEGKAIQLHPLVCEAFNADFDGDQMAVHLPLSAEAQAEARILMLSSNNILSPASGRPLAMPRLDMVTGLYYLTTEVPGDTGEYQPASGDHPETGVYSSPAEAIMAADRGVLSVRAKIKVRLTQLRPPVEIEAELFGHSGWQPGDAWMAETTLGRVMFNELLPLGYPFVNKQMHKKVQAAIINDLAERYPMIVVAQTVDKLKDAGFYWATRSGVTVSMADVLVPPRKKEILDHYEERADKVEKQFQRGALNHDERNEALVEIWKEATDEVGQALREHYPDDNPIITIVDSGATGNFTQTRTLAGMKGLVTNPKGEFIPRPVKSSFREGLTVLEYFINTHGARKGLADTALRTADSGYLTRRLVDVSQDVIVREHDCQTERGIVVELAERAPDGTLIRDPYIETSAYARTLGTDAVDEAGNVIVERGQDLGDPEIDALLAAGITQVKVRSVLTCATSTGVCATCYGRSMATGKLVDIGEAVGIVAAQSIGEPGTQLTMRTFHQGGVGEDITGGLPRVQELFEARVPRGKAPIADVTGRVRLEDGERFYKITIVPDDGGEEVVYDKISKRQRLRVFKHEDGSERVLSDGDHVEVGQQLMEGSADPHEVLRVQGPREVQIHLVREVQEVYRAQGVSIHDKHIEVIVRQMLRRVTIIDSGSTEFLPGSLIDRAEFEAENRRVVAEGGEPAAGRPVLMGITKASLATDSWLSAASFQETTRVLTDAAINCRSDKLNGLKENVIIGKLIPAGTGINRYRNIAVQPTEEARAAAYTIPSYEDQYYSPDFGAATGAAVPLDDYGYSDYR
gid;Rv3919c;https://mycobrowser.epfl.ch/genes/Rv3919c;MSPIEPAASAIFGPRLGLARRYAEALAGPGVERGLVGPREVGRLWDRHLLNCAVIGELLERGDRVVDIGSGAGLPGVPLAIARPDLQVVLLEPLLRRTEFLREMVTDLGVAVEIVRGRAEESWVQDQLGGSDAAVSRAVAALDKLTKWSMPLIRPNGRMLAIKGERAHDEVREHRRVMIASGAVDVRVVTCGANYLRPPATVVFARRGKQIARGSARMASGGTA
rpsL;Rv0682;https://mycobrowser.epfl.ch/genes/Rv0682;MPTIQQLVRKGRRDKISKVKTAALKGSPQRRGVCTRVYTTTPKKPNSALRKVARVKLTSQVEVTAYIPGEGHNLQEHSMVLVRGGRVKDLPGVRYKIIRGSLDTQGVKNRKQARSRYGAKKEKG
